ID (no editar),ORDEN,ACTIVO,PASO,T√≠tulo del Paso,SECCI√ìN,Subsecci√≥n,T√çTULO DEL RECURSO,Descripci√≥n,Texto del Bot√≥n,Tipo de Acci√≥n,URL Documento/Link,ID Video YouTube,Imagen Miniatura,Etiquetas,Notas Internas
tour-general,1,S√ç,,,üéØ Caso de uso multiplicity,,Tour general de la plataforma,Una orientaci√≥n sobre los contenidos y tutoriales que te permitir√°n un uso efectivo de la herramienta de evaluaci√≥n.,Ver Video,Video Tutorial,,pfDyegdtG2E,,"tour, introduccion, plataforma",Video introductorio principal del portal
paso-1-guia-perfiles,2,S√ç,1,Creaci√≥n de los perfiles,Primer Paso,,Gu√≠a para definir perfiles,,Descargar Gu√≠a,Descargar PDF,/documentos/Guia-Definir-Perfiles.pdf,,/clientes/guia de perfiles.jpeg,"perfiles, guia, paso-1",
paso-1-perfiles-oit,3,S√ç,1,Creaci√≥n de los perfiles,Primer Paso,,Perfiles predeterminados OIT,,Descargar Gu√≠a,Descargar PDF,/documentos/Perfiles-OIT.pdf,,/clientes/perfiles oit.jpeg,"perfiles, oit, paso-1",Perfiles est√°ndar de la OIT
tutorial-creacion-perfiles,4,S√ç,1,Creaci√≥n de los perfiles,Primer Paso,,Creaci√≥n de Perfiles,,Ver Tutorial,Video Tutorial,,SPbDhWks5k0,/profile-comparison-dashboard.jpg,"perfiles, tutorial, video, paso-1",
tutorial-gestion-usuarios,5,S√ç,2,Creaci√≥n de Procesos de Evaluaci√≥n,Segundo Paso,,Gesti√≥n de Usuarios,,Ver Tutorial,Video Tutorial,,lTX96_VH7nY,/clean-user-management-dashboard.jpg,"usuarios, gestion, tutorial, paso-2",
tutorial-comparativo,6,S√ç,2,Creaci√≥n de Procesos de Evaluaci√≥n,Segundo Paso,,Comparativo,,Ver Tutorial,Video Tutorial,,pVzVMefVTJU,/profile-comparison-dashboard.jpg,"comparativo, tutorial, paso-2",
tutorial-indice-tendencias,7,S√ç,2,Creaci√≥n de Procesos de Evaluaci√≥n,Segundo Paso,,√çndice y Tendencias,,Ver Tutorial,Video Tutorial,,dQw4w9WgXcQ,/evaluation-workflow-builder.jpg,"indice, tendencias, tutorial, paso-2",‚ö†Ô∏è PENDIENTE: Reemplazar ID de YouTube real
tutorial-creacion-procesos,8,S√ç,2,Creaci√≥n de Procesos de Evaluaci√≥n,Segundo Paso,,Creaci√≥n de Procesos de Evaluaci√≥n y Configuraci√≥n de Pruebas,,Ver Tutorial,Video Tutorial,,tO1sRoO8Arc,/evaluation-workflow-builder.jpg,"procesos, evaluacion, configuracion, tutorial, paso-2",
tutorial-gestion-participantes,9,S√ç,2,Creaci√≥n de Procesos de Evaluaci√≥n,Segundo Paso,,Gesti√≥n de Participantes,,Ver Tutorial,Video Tutorial,,oTV_B7H1kD8,/participant-management-interface.jpg,"participantes, gestion, tutorial, paso-2",
tutorial-duplicar-procesos,10,S√ç,2,Creaci√≥n de Procesos de Evaluaci√≥n,Segundo Paso,,Duplicar Procesos,,Ver Tutorial,Video Tutorial,,WGBNbEdzGlI,/process-duplication-workflow.jpg,"duplicar, procesos, tutorial, paso-2",
tutorial-invitaciones-correo,11,S√ç,3,Env√≠o de Invitaciones a candidatos,Tercer Paso,,Env√≠o de Invitaciones por Correo Electr√≥nico,,Ver Tutorial,Video Tutorial,,dQw4w9WgXcQ,/email-invitation-workflow-dashboard.jpg,"invitaciones, correo, email, tutorial, paso-3",‚ö†Ô∏è PENDIENTE: Reemplazar ID de YouTube real
tutorial-invitaciones-credenciales,12,S√ç,3,Env√≠o de Invitaciones a candidatos,Tercer Paso,,Env√≠o de Invitaciones por Credenciales de Acceso,,Ver Tutorial,Video Tutorial,,dQw4w9WgXcQ,/credential-invitation-interface.jpg,"invitaciones, credenciales, tutorial, paso-3",‚ö†Ô∏è PENDIENTE: Reemplazar ID de YouTube real
tutorial-estado-pruebas,13,S√ç,3,Env√≠o de Invitaciones a candidatos,Tercer Paso,,Estado de las Pruebas y Reinicio,,Ver Tutorial,Video Tutorial,,dQw4w9WgXcQ,/evaluation-progress-status-dashboard.jpg,"estado, pruebas, reinicio, tutorial, paso-3",‚ö†Ô∏è PENDIENTE: Reemplazar ID de YouTube real
tutorial-reportes-individuales,14,S√ç,4,Generaci√≥n de Reportes,Cuarto Paso,,Descarga Reportes Individuales,,Descargar Gu√≠a,Descargar PDF,/documentos/tutorial-reportes-individuales.pdf,,/individual-assessment-report-dashboard.jpg,"reportes, individuales, descarga, paso-4",
tutorial-reportes-grupales,15,S√ç,4,Generaci√≥n de Reportes,Cuarto Paso,,Descarga Reportes Grupales,,Descargar Gu√≠a,Descargar PDF,/documentos/tutorial-reportes-grupales.pdf,,/group-performance-analytics-dashboard.jpg,"reportes, grupales, descarga, paso-4",
tutorial-utilidad-reportes,16,S√ç,4,Generaci√≥n de Reportes,Cuarto Paso,,Video de Utilidad de los Reportes,,Ver Video,Video Tutorial,,dQw4w9WgXcQ,/individual-assessment-report-dashboard.jpg,"reportes, utilidad, video, paso-4",‚ö†Ô∏è PENDIENTE: Reemplazar ID de YouTube real
tutorial-guia-interpretacion-individual,17,S√ç,,,üìä Interpretaci√≥n de Resultados,,Gu√≠a de Interpretaci√≥n Individual de Resultados Empresa y Candidato,Gu√≠as y videos para interpretar los resultados de las evaluaciones de manera efectiva.,Descargar Gu√≠a,Descargar PDF,/documentos/tutorial-guia-interpretacion-individual.pdf,,/individual-assessment-report-dashboard.jpg,"interpretacion, individual, resultados, guia",
tutorial-guia-interpretacion-grupal,18,S√ç,,,üìä Interpretaci√≥n de Resultados,,Gu√≠a de Interpretaci√≥n de Resultados Grupales Empresa,,Descargar Gu√≠a,Descargar PDF,/documentos/tutorial-guia-interpretacion-grupal.pdf,,/group-performance-analytics-dashboard.jpg,"interpretacion, grupal, resultados, guia",
agendar-cita,19,S√ç,,,üìÖ Agendar Cita,,¬øDeseas que te acompa√±emos en algunos de estos pasos?,Agenda una cita con nosotros,Agendar Cita,Link Externo,https://cal.com/carlos-santos/30min,,,"cita, agendar, soporte",CTA para agendar reuni√≥n con el equipo
platform-requerimientos-tecnicos,20,S√ç,,,üìö Manuales,,Requerimientos T√©cnicos,,Ver Documento,Descargar PDF,/documentos/Requerimientos Tecnicos Plataforma Multiplicity.pdf,,/images/Requerimientos Tecnico de la plataforma.png,"manuales, requerimientos, tecnicos, plataforma",
platform-manual-funcional,21,S√ç,,,üìö Manuales,,Manual Funcional de la Plataforma,,Ver Documento,Descargar PDF,/documentos/Manual Funcional de la Plataforma.pdf,,/images/Manual Funcional de la plataforma.png,"manuales, funcional, plataforma",
platform-recomendaciones-basico,22,S√ç,,,üìö Manuales,Orientaciones para la aplicaci√≥n de los Test,Recomendaciones antes de completar Multiplicity - Participante B√°sico,,Ver Documento,Descargar PDF,/documentos/Recomendaciones antes de completar Multiplicity - Participante Basico.pdf,,/clientes/2.png,"manuales, recomendaciones, basico, test",
platform-facilitadores-basico,23,S√ç,,,üìö Manuales,Orientaciones para la aplicaci√≥n de los Test,Aplicaci√≥n Presencial de Facilitadores ‚Äì Proceso B√°sico,,Ver Documento,Descargar PDF,/documentos/Aplicacion Presencial de Facilitadores - Proceso Basico.pdf,,/clientes/3.png,"manuales, facilitadores, basico, presencial",
platform-recomendaciones-plus,24,S√ç,,,üìö Manuales,Orientaciones para la aplicaci√≥n de los Test,Recomendaciones antes de completar Multiplicity ‚Äì Participante Plus,,Ver Documento,Descargar PDF,/documentos/Recomendaciones antes de completar Multiplicity - Participante Plus.pdf,,/clientes/4.png,"manuales, recomendaciones, plus, test",
platform-facilitadores-plus,25,S√ç,,,üìö Manuales,Orientaciones para la aplicaci√≥n de los Test,Tutorial Aplicaci√≥n Presencial de Facilitadores ‚Äì Proceso Plus,,Ver Documento,Descargar PDF,/documentos/Tutorial Aplicacion Presencial de Facilitadores - Proceso Plus.pdf,,/clientes/5.png,"manuales, facilitadores, plus, presencial",
conceptual-diccionario,26,S√ç,,,üß† Nuestras bases conceptuales,,Diccionario de Comportamientos,Fundamentos te√≥ricos que sustentan las evaluaciones y metodolog√≠as aplicadas en la plataforma.,Ver Documento,Descargar PDF,/documentos/Diccionario de Comportamientos.pdf,,/nuevo-clientes/Diccionario de Comportamientos portada.png,"conceptual, diccionario, comportamientos",Documento destacado - hero layout
conceptual-competencias,27,S√ç,,,üß† Nuestras bases conceptuales,,Competencias,,Ver Documento,Descargar PDF,/documentos/Competencias.pdf,,/clientes/Diccionario de Competencias Multiplicity 1.png,"conceptual, competencias",
conceptual-pensamiento,28,S√ç,,,üß† Nuestras bases conceptuales,,Pensamiento Anal√≠tico y Sist√©mico,,Ver Documento,Descargar PDF,/documentos/Pensamiento Analitico y Sistemico.pdf,,/clientes/Diccionario de pensamiento anaco y sist√©mico - Multiplicity 1.png,"conceptual, pensamiento, analitico, sistemico",
conceptual-motivadores,29,S√ç,,,üß† Nuestras bases conceptuales,,Motivadores,,Ver Documento,Descargar PDF,/documentos/Motivadores.pdf,,/clientes/Diccionario-de-motivadores-Multiplicity 1.png,"conceptual, motivadores",
conceptual-fichas-tecnicas,30,S√ç,,,üß† Nuestras bases conceptuales,,Fichas T√©cnicas de las Pruebas,,Ver Documento,Descargar PDF,/documentos/Fichas Tecnicas de las Pruebas.pdf,,/clientes/6.png,"conceptual, fichas, tecnicas, pruebas",Documento destacado - hero layout
assessment-guia-entrevista,31,S√ç,,,üíº Apoy√°ndote En La Valoraci√≥n integral,La Evaluaci√≥n Contraste: La Entrevista,Gu√≠a de Entrevista por Competencias,Herramientas y gu√≠as para maximizar el valor de tus procesos de evaluaci√≥n y desarrollo de talento.,Ver Documento,Descargar PDF,/documentos/Guia de Entrevista por Competencias.pdf,,/clientes/6.png,"valoracion, entrevista, competencias, guia",
assessment-metodologia,32,S√ç,,,üíº Apoy√°ndote En La Valoraci√≥n integral,La Evaluaci√≥n Contraste: La Entrevista,Metodolog√≠a de Aplicaci√≥n de la Entrevista,,Ver Documento,Descargar Excel,/documentos/Metodologia de Aplicacion.xlsx,,/clientes/8.png,"valoracion, metodologia, entrevista",Archivo Excel
assessment-retroalimentacion,33,S√ç,,,üíº Apoy√°ndote En La Valoraci√≥n integral,Compartiendo los Resultados,Gu√≠a de Retroalimentaci√≥n por Competencias,,Ver Documento,Descargar PDF,/documentos/Guia de Retroalimentacion por Competencias.pdf,,/clientes/10.png,"valoracion, retroalimentacion, competencias",
assessment-plan-sucesion,34,S√ç,,,üíº Apoy√°ndote En La Valoraci√≥n integral,Convirtiendo los Datos de Evaluaci√≥n en Entendimiento,Ideas para un Plan de Sucesi√≥n,,Ver Documento,Descargar PDF,/documentos/Ideas para un Plan de Sucesion.pdf,,/clientes/11.png,"valoracion, plan, sucesion",
assessment-pautas-autodesarrollo,35,S√ç,,,üíº Apoy√°ndote En La Valoraci√≥n integral,El Desarrollo de Competencias,Pautas para el autodesarrollo por Competencias ‚Äì Evaluados,,Ver Documento,Descargar PDF,/documentos/Pautas para el autodesarrollo por Competencias.pdf,,/clientes/12.png,"valoracion, autodesarrollo, competencias",
assessment-plan-accion,36,S√ç,,,üíº Apoy√°ndote En La Valoraci√≥n integral,El Desarrollo de Competencias,Plan de Acci√≥n por Competencias/Evaluados,,Ver Documento,Descargar PDF,/documentos/Plan de Accion por Competencias.pdf,,/clientes/13.png,"valoracion, plan, accion, competencias",
assessment-taller-ppt,37,S√ç,,,üíº Apoy√°ndote En La Valoraci√≥n integral,El Desarrollo de Competencias,PPT Taller de Autodesarrollo por Competencias/Evaluados,,Ver Documento,Descargar PowerPoint,/documentos/PPT Taller de Autodesarrollo por Competencias.pptx,,/clientes/2.png,"valoracion, taller, autodesarrollo, ppt",Archivo PowerPoint
assessment-manual-autodesarrollo,38,S√ç,,,üíº Apoy√°ndote En La Valoraci√≥n integral,El Desarrollo de Competencias,Manual de Autodesarrollo por Competencias,,Ver Documento,Descargar PDF,/documentos/Manual de Autodesarrollo por Competencias.pdf,,/clientes/9.png,"valoracion, manual, autodesarrollo, competencias",
research-trends,39,S√ç,,,üî¨ Estudios e Investigaciones,,Trends by Multiplicity,"Descubre hallazgos y tendencias en gesti√≥n de talento, competencias profesionales y desarrollo organizacional.",Ver Documento,Descargar PDF,/documentos/Trends by Multiplicity.pdf,,/clientes/Trends.png,"investigacion, trends, tendencias",Documento destacado - hero layout